{
	"skin-name": "contao",
	"preview-bg": "#eee",
	"text": "#444",
	"text-inverse": "#fff",
	"text-disabled": "#aaa",
	"has-gradients": false,
	"has-radius": true,
	"has-boxshadow": true,
	"btn-text": "#444",
	"btn-text-shadow": "#fff",
	"btn-bg": "#fff",
	"btn-bg-hlight": "#d9d9d9",
	"btn-border-top": "rgba(0,0,0,0.1)",
	"btn-border-right": "rgba(0,0,0,0.1)",
	"btn-border-bottom": "rgba(0,0,0,0.25)",
	"btn-border-left": "rgba(0,0,0,0.25)",
	"btn-split-border": "#bdbdbd",
	"btn-primary-text": "#fff",
	"btn-primary-text-shadow": "#333",
	"btn-primary-bg": "#8ab858",
	"btn-primary-bg-hlight": "#8ab858",
	"menu-bg": "#fff",
	"menu-border": "rgba(0,0,0,0.2)",
	"menuitem-text": "#444",
	"menuitem-bg-selected": "#8ab858",
	"menuitem-bg-selected-hlight": "#8ab858",
	"menuitem-separator-top": "#cbcbcb",
	"menuitem-separator-bottom": "#fff",
	"menuitem-text-inverse": "#fff",
	"menuitem-bg-active": "#9dd164",
	"menuitem-text-active": "#444",
	"menuitem-preview-border-active": "#aaaaaa",
	"checkbox-border": "#c5c5c5",
	"checkbox-border-focus": "#59a5e1",
	"panel-border": "#aaa",
	"panel-bg": "#f6f6f6",
	"panel-bg-hlight": "#f6f6f6",
	"textbox-bg": "#fff",
	"textbox-border": "#c5c5c5",
	"textbox-border-focus": "#59a5e1",
	"window-bg": "#fff",
	"window-border": "#c4c4c4",
	"tab-bg": "#e3e3e3",
	"tab-bg-hover": "#fdfdfd",
	"tab-bg-active": "#fdfdfd",
	"tab-border": "#c5c5c5",
	"colorbtn-backcolor-bg": "#bbb",
	"grid-border": "#d6d6d6",
	"grid-border-active": "#a1a1a1"
}